{
  "project_info": {
    "project_number": "747232624651",
    "project_id": "proyectofinal2-7b0f2",
    "storage_bucket": "proyectofinal2-7b0f2.firebasestorage.app"
  },
  "client": [
    {
      "client_info": {
        "mobilesdk_app_id": "1:747232624651:android:a43cf4098e1059fe91870e",
        "android_client_info": {
          "package_name": "com.example.miprimeraaplicacion"
        }
      },
      "oauth_client": [],
      "api_key": [
        {
          "current_key": "AIzaSyCg2ndra-RvhWfPPJZ8rSWnxgoJoPd1IyE"
        }
      ],
      "services": {
        "appinvite_service": {
          "other_platform_oauth_client": []
        }
      }
    }
  ],
  "configuration_version": "1"
}